{"f1-score-without-imbalance": 0.5731895223420647, "accuracy-without-imbalance": 0.8613613613613613, "f1-score-with-class-weights": 0.5454545454545454, "accuracy-with-class-weights": 0.8548548548548549, "f1-score-with-SMOTE": 0.5835616438356165, "accuracy-with-SMOTE": 0.8478478478478478}